Index,Title,Date,Content,Page,Username,Total reviews,Location,Rating
0,Belle qualit√© de photos,"December 17, 2023","Belle qualit√© de photos, j‚Äôadore tous les types de formats (magnets ; photos retros surtout) et mes grands parents ont ador√© le calendrier de l‚Äôann√©e !",1,Mathilde,2 reviews,FR,5
1,bonne satisfaction des tirages photo de‚Ä¶,"December 07, 2023",bonne satisfaction des tirages photo de CHEERZ et dans un d√©lai respectable et convenu.,1,MARTINE,1 review,FR,4
2,The overall quality was good,"November 29, 2023",The overall quality was goodAlso the delivery to Canada was fast however the packet was opened due to customs I suppose and because of that it was damaged!,1,yousra,1 review,MA,4
3,Bug sur l‚Äôimpression du calendrier de‚Ä¶,"November 16, 2023",Bug sur l‚Äôimpression du calendrier de l‚Äôavent. Une photo vide sans message d‚Äôavertissement. Et ne pouvant pas ajouter plus de photo alors qu‚Äôil en manquait bien une‚Ä¶,1,√âmilie Demez,3 reviews,FR,1
4,Super,"December 14, 2023",Belle qualit√© des photos avec le support,1,cliente,2 reviews,FR,5
5,Tirage photo,"December 29, 2023",Tr√®s belle qualit√© de photo. Simple a cr√©er,1,Lisa Berna,2 reviews,FR,5
6,I do not recommend,"November 22, 2023",First order without any issues. I have ordered 2nd time the same order exactly to the same address. When Odred was delayed I have contacted customer service and they have told me that because they are busy with orders there are some delays. They offered me.6 euros. Next day I have recieved call from Poland where is.my billing adress to give full adress as item was printed in Poland instead France as item spposed to France. I have contacted again Customer Service and they assured me that it will be send to Paris not.to Poland. At the end I recieved it to polish adress where it was picked up.by my mother atnit supposed to be her christmass gift. (6th of December). The have send me just appologize and that is it. Poor cistomer service. They do not even bother to double check and read customers emails even they did already one mistake.,1,Mateusz,1 review,FR,1
7,Album photo,"December 28, 2023",Super rendu,1,Gabrielle,1 review,FR,5
8,Best quality,"November 06, 2023","Fast delivery best quality best price can t find better highly recommend it, I wish they could deliver to qatar directly I was obliged to send it to my family in dubai and go to dubai to take my order . Highly satisfied",1,khouloud,1 review,QA,5
9,Impression de faire part en magnet,"December 06, 2023","Impression de faire part en magnet, qualit√© au top !",1,GaÔøΩlle,2 reviews,FR,5
10,Au top,"December 01, 2023","Magnets parfaits, on a repass√© command√© ensuite car on en voulait plus",1,Marion  Mazaleyrat,3 reviews,FR,5
11,Tres bel album photo,"December 09, 2023","Tr√®s bel album Page et photos de qualit√© , exactement fid√®le √† la simulation sur l‚Äôapplication",1,Candice,1 review,FR,5
12,Super merci,"December 16, 2023",,1,Mme aurore nehdi,4 reviews,FR,4
13,attention au format d‚Äôimage,"November 03, 2023","Mon format d‚Äôimage ne correspondait pas au format de mon album photo, l‚Äôerreur vient de moi donc faite attention quand m√™me.",1,Max,6 reviews,FR,4
14,Parfait,"December 27, 2023",Parfait. Belle photo,1,Madame Kristina Akopian,3 reviews,FR,5
15,Great quality and service,"October 24, 2023","I have been using Cheerz' service for a few years so far and love it. Ordered several photo albums, and printed photos. Always great quality and service.",1,Anastasiya,1 review,FR,5
16,Calendrier photo,"December 07, 2023",Qualit√© au top ! Le rituel photo de mes calandriers pour la famille.,1,jeromine,1 review,FR,5
17,Service rapide et simple,"December 20, 2023",,1,Gwennaelle,1 review,FR,5
18,Album photo,"December 11, 2023",Tr√®s bonne qualit√© de photos,1,Delphine,1 review,FR,5
19,Process simple √† prendre en mains,"November 29, 2023","Process simple √† prendre en mains, rapide et de qualit√©",1,JM,1 review,FR,5
20,J'ai command√© un album photo 100 page‚Ä¶,"November 19, 2023",J'ai command√© un album photo 100 page j'ai s√©lectionn√© 100 phto et j'ai re√ßu un album 25 photo.,2,Jeremy,1 review,FR,2
21,"de tr√®s belle qualit√© de photos, j'adore","December 04, 2023","Tr√®s belle photos/ R√©ception photos rapide, h√¢te de recommander sur le sites pour d'autre model photos",2,Jessy Janeira,3 reviews,FR,5
22,Never received my package,"October 07, 2023","Never received my package, even though, they sent an email saying my package was delivered, checked neighbourhoods, local post office, but nothing was delivered, no answer from their customer service, no refund.It‚Äôs a SCAM be careful",2,DAVIDE MARSALA,2 reviews,GB,1
23,exp√©rience tr√®s positives mais trop de‚Ä¶,"August 24, 2023",exp√©rience tr√®s positives mais trop de pages blanches √† la fin (pages blanches mats ok mais pages blanches glossy en plus je ne comprends pas.,2,Angela,1 review,CH,4
24,Livre photo et impression photo arriv√©s‚Ä¶,"November 26, 2023",Livre photo et impression photo arriv√©s en bon √©tat,2,Guibert,1 review,FR,5
25,Rapide simple et efficace,"December 09, 2023",,2,Virginie,1 review,FR,5
26,Bien attention au gondolement des photos,"November 24, 2023",Bien mais la qualit√© du papier reste moyenne car les photos gondolent,2,Alexis ,2 reviews,FR,4
27,Photos de qualit√©s en un temps record,"November 29, 2023","Photos de qualit√©s en un temps record, je recommande!",2,Celine,1 review,FR,5
28,Super,"December 01, 2023",Super qualit√© photo et bon respect des d√©lais,2,Matthieu,1 review,FR,5
29,Photo en toile,"December 07, 2023",Photo en toile Super satisfait,2,Menard,2 reviews,FR,5
30,Franchement:Perfectüòçüòç,"October 12, 2023","Franchement:PerfectüòçüòçLa qualit√© des photos, de l album, de l'envoi. On point!!ü§©ü§©üíï",2,Reine,1 review,FR,5
31,Tr√®s bonne application d‚Äôimpression‚Ä¶,"December 02, 2023",Tr√®s bonne application d‚Äôimpression photoEnvoi rapideBonne qualite photoExcellent SAV,2,Marie Oph√©lie,2 reviews,FR,5
32,J‚Äôadore !!!,"December 20, 2023",,2,Chlo√©,1 review,FR,5
33,Super bad service,"August 22, 2023","Super bad service, I have bought 3 times and all three times there were problems with shipping, on the second and third time also problems with printing. Horrible service. I will not use this company again.",2,Sandra,1 review,DK,1
34,Calendrier de l‚Äôavent photo,"November 14, 2023","Calendrier de l‚Äôavent photo, sympathique et original",2,Angelique Greory,3 reviews,FR,5
35,I love how easy it is to navigate‚Ä¶,"October 24, 2023",I love how easy it is to navigate through the website. There are many ways to place photos and different font to choose from.,2,Ashley,1 review,FR,4
36,Cheerz is cool,"August 28, 2023","Photos de bonne qualit√©, envoi rapide, joli packaging, c'est mon site d'impression photo pr√©f√©r√©",2,Camille,1 review,FR,5
37,Qualit√© pixelisee des photos,"December 02, 2023",Qualit√© pixelisee des photos: mini album  ( photos r√©alis√©es par un photographe),2,floriane huguenin,2 reviews,FR,3
38,Qualit√© d'impression excellente pour‚Ä¶,"November 29, 2023",Qualit√© d'impression excellente pour les magnets et les photos formats polaroid !,2,Elsa,1 review,FR,5
39,Belle exp√©rience,"October 20, 2023",Album paysage solide. Photo impeccable. Facile de r√©alisation. Super Qualit√© papier photo. Ne pas h√©siter,2,lucie,1 review,FR,5
40,Bon timing !,"December 19, 2023",,3,Sophie,3 reviews,FR,4
41,Bel assemblage,"November 27, 2023",,3,MJ,4 reviews,FR,5
42,Rapide et efficace  et marketing tr√®s‚Ä¶,"December 02, 2023",Rapide et efficace  et marketing tr√®s sympa,3,Elodie,2 reviews,FR,5
43,Rapidit√© de l envoi,"November 16, 2023",Rapidit√© de l envoiArticle conforme √† la description Photos de qualit√©,3,Nataly,1 review,FR,4
44,Excellent tirages photos,"October 17, 2023",Excellent tirages photos. De plus les photos sont cleans nettes. Ce que je voulais. Merci,3,MarieEscorihuela,2 reviews,FR,5
45,Qualit√© au top,"December 11, 2023",,3,camille Thomas,2 reviews,FR,5
46,Bonne plateforme d‚Äôimpression photos,"December 12, 2023",,3,Julie,6 reviews,FR,5
47,Photos simples,"December 18, 2023","Nickel, je suis ravie",3,S√©fora,1 review,FR,5
48,Excellent super qualit√©,"December 29, 2023",,3,Fanny,1 review,FR,5
49,Album photos,"December 01, 2023",Simple √† utiliser et rapite,3,Florence LUC,4 reviews,FR,5
50,"Les photos et magnets sont nickel,ma‚Ä¶","September 05, 2023","Les photos et magnets sont nickel,ma maman sera tr√®s contente",3,Corine,1 review,FR,5
51,Top!,"December 20, 2023",Super qualit√© d'image!,3,Client,3 reviews,FR,5
52,Conforme √† la description mes photos‚Ä¶,"October 04, 2023",Conforme √† la description mes photos sont nickel j‚Äôaime üëçüèæ,3,Jean-Christ kouacou panlango,2 reviews,FR,5
53,Satisfaction totale,"November 07, 2023","Rapidit√© de traitement, qualit√© d'impression...rien de n√©gatif √† sigaler",3,Jdb,3 reviews,FR,5
54,Top ! J‚Äôadore Cheerz,"November 06, 2023",Top ! Photos de qualit√© et colis soign√© ! Merci Cheerz,3,Astrid,4 reviews,FR,5
55,Service de qualit√©,"December 12, 2023",Rapide ! Efficace ! Excellente qualit√© photo ! Merci,3,Noiram Nilehcm,2 reviews,FR,5
56,Tr√®s bon service,"December 15, 2023",,3,carmela pirrello,4 reviews,FR,5
57,Application pratique et efficace,"November 15, 2023","Application pratique et efficace. L‚Äôimpression rapide, bonne qualit√©. Top!",3,Valentina NOZDRACHEVA,2 reviews,FR,5
58,Super ‚≠êÔ∏è‚≠êÔ∏è‚≠êÔ∏è,"September 12, 2023","Qualit√© de photo incroyable, site tr√®s s√©rieux, on adopte ‚ù§Ô∏è",3,Julie P.,4 reviews,FR,5
59,Bel album photo,"August 10, 2023","Bel album photo, conception facile sur le site. Rendu bien",3,FB,2 reviews,FR,5
60,Au top üëå,"August 07, 2023",Service conforme √† la description ! Hyper rapide et photos de qualit√© ! Je recommande ‚ò∫Ô∏èMerci !,4,Julie Huvelin,2 reviews,FR,5
61,Super les photos,"December 07, 2023",,4,Stephanie,1 review,FR,5
62,Belle impression,"August 28, 2023","Belle impression, application hyper simple d‚Äôutilisation. Merci les codes promo de jeremstar.",4,sonia,1 review,FR,5
63,Album photos,"December 16, 2023",Conforme √† ma mise en page,4,Luc,2 reviews,FR,4
64,Album photo genial,"November 23, 2023",Ravie de mon album photos,4,Michelle,1 review,FR,5
65,Super service de la part de Cheerz!,"November 25, 2023",,4,Eveline Hendrickx,1 review,LU,5
66,Site super efficace,"October 02, 2023","Site super efficace,  rapide et plein de fun !",4,Geraldine,1 review,FR,5
67,Photos beaucoup trop grandes par‚Ä¶,"September 08, 2023",Photos beaucoup trop grandes par rapport √† mes souhaits,4,jujuly44,12 reviews,FR,2
68,Super application,"December 05, 2023",Service apr√®s vente super reactif,4,Consumer,1 review,FR,5
69,Photo et album de super qualit√©.,"August 24, 2023",Photo et album de super qualit√©.Rapport qualit√©/prix correct.,4,gregory,2 reviews,FR,5
70,Belle impression des photos,"November 30, 2023",,4,Christophe ROSSI,3 reviews,FR,4
71,Suppression des photos impossible,"September 05, 2023",Suppression des photos impossible. Impossibilit√© de superposer des photos et ou texte sur photos dans les albums,4,SYLVAIN,1 review,FR,2
72,Super efficace qualit√© au top,"November 22, 2023",,4,Camille,2 reviews,FR,5
73,Parfait !!,"December 02, 2023",Album au top,4,Laurie,4 reviews,FR,5
74,La communication est excellente‚Ä¶ je‚Ä¶,"November 24, 2023",La communication est excellente‚Ä¶ je suis contente de Cheerz,4,St√©phane LANGLOIS,5 reviews,FR,5
75,Top!,"September 04, 2023",Plus que conforme √† la commande d 'origine,4,Charlotte ,1 review,FR,5
76,Les photo son parfaites merci cheerz,"December 05, 2023",,4,Richard,1 review,FR,5
77,Top super qualit√©,"December 07, 2023",Tip super qualit√©,4,Gwenaelle Favaretto,7 reviews,FR,5
78,Perfect time perfect job,"November 23, 2023",,4,Martine,5 reviews,US,5
79,Super,"December 05, 2023",Cette application est top,4,Ma,1 review,FR,4
80,Encore des choses √† revoir question commande,"August 08, 2023",Il a encore des choses √† revoir question commandes,5,Pierre,1 review,FR,3
81,Parfait,"October 30, 2023",Un album photo de qualit√© ! Merci,5,Lisa,1 review,FR,5
82,J‚Äôadore cheerz,"November 27, 2023",,5,Oc√©ane,1 review,FR,5
83,top merci super commande,"November 07, 2023",,5,benjamin,1 review,FR,5
84,Service d‚Äôaide au top !,"December 04, 2023",,5,Maissane,1 review,FR,5
85,Tr√®s bon site,"November 30, 2023",Tr√®s bon site pour album photo,5,arthur,2 reviews,FR,5
86,Good,"August 23, 2023",Good service.Good product.Nothing to complain about really.,5,Ben,2 reviews,NZ,5
87,Super,"October 03, 2023",Tr√®s belle qualit√© de photos,5,Mathilde,1 review,FR,5
88,Qualit√© de photo super,"October 24, 2023",,5,Garance,1 review,FR,5
89,applicatiodes photos rapidement chez vous,"November 07, 2023",application tr√®s simple √† comprendre et √† utiliser,5,lucas,1 review,FR,5
90,Album photo de qualit√©,"October 19, 2023",,5,Laurent Sarah,3 reviews,FR,5
91,Just parfect‚≠êÔ∏è‚≠êÔ∏è‚≠êÔ∏è‚≠êÔ∏è‚≠êÔ∏è,"November 14, 2023",Just parfect,5,Beta,1 review,FR,5
92,commande box photos,"August 07, 2023",super rapide et qualit√© des photos top!,5,Isaline,1 review,FR,5
93,Rapide efficace,"September 26, 2023",Rapide efficace Photos livre de qualite,5,Raissa,6 reviews,RE,5
94,Au top üëç merci,"December 21, 2023",,5,LUCAS,4 reviews,FR,5
95,Super prestation,"December 14, 2023",,5,Nene,1 review,FR,5
96,Tr√®s bon SAV,"December 21, 2023",,5,Killian,1 review,FR,5
97,Super application superbe photo,"August 09, 2023","Super application superbe photoRien a dire, je recommande a tous",5,naggy,1 review,FR,5
98,Qualit√© au top,"November 17, 2023",,5,Pauline,1 review,FR,5
99,Belle photos,"October 09, 2023",Belle photos. Bon format. Bon packaging.,5,Jessica,3 reviews,FR,5
100,Super content de la photo,"September 20, 2023",,6,anthony,1 review,FR,5
101,Qualit√© au top,"November 14, 2023",,6,Stephanie,1 review,BE,5
102,Super !,"November 26, 2023",Super facile √† r√©aliser Super qualit√©Super rapide,6,Jutteau,3 reviews,FR,5
103,Photos de qualit√©,"November 15, 2023",,6,Pauline Loiseleux,2 reviews,FR,5
104,Commande magnets photos de qualit√©,"August 20, 2023","Commande de magnets photos de qualit√©, service rapide et efficace.",6,Tony,1 review,FR,5
105,Super,"September 27, 2023",Photos de bonne qualit√©,6,Cl√©mence,1 review,FR,5
106,Tr√®s belle photo,"December 12, 2023",,6,DUBOIS  √âlodie,2 reviews,FR,5
107,Qualit√© photo impeccable,"November 21, 2023","Qualit√© photo impeccable, ravie !",6,Aurelie,1 review,FR,5
108,Spam mail maximum,"November 27, 2023",,6,Antoine,1 review,FR,1
109,Qualit√© de photos excellente,"December 07, 2023",,6,Marie Jos√©,1 review,FR,5
110,Excellente qualit√© de photos,"December 14, 2023",,6,Dominique TOURNIER,1 review,FR,5
111,Foto tres clean j‚Äôadore,"November 14, 2023",,6,Silan,1 review,FR,5
112,Top !,"August 10, 2023",Top ! R√©action quand on pose une question :),6,C√©cile Stas,2 reviews,BE,5
113,Rapide,"August 22, 2023","Rapide, in Time, de qualit√©",6,Liflouf,3 reviews,BE,5
114,Site simple,"August 02, 2023",Site simple - pratique - intuitif,6,client,4 reviews,FR,5
115,le coli est arrive dns ls delais,"October 26, 2023",,6,Camille,1 review,FR,5
116,"Super, sauf...","November 23, 2023","Super, sauf les bords corn√©s...",6,Camille,1 review,FR,4
117,photos,"September 11, 2023",Je trouve la qualit√© m√©diocre,6,Sandrine,1 review,FR,3
118,Belle photo,"November 15, 2023",Les photos sont jolie merci,6,Marji,2 reviews,FR,5
119,Simple et tr√®s qualitatif !,"August 21, 2023",,6,Barbara,1 review,FR,5
120,Belle qualit√© des photos,"August 29, 2023",,7,jean pierre ,12 reviews,FR,5
121,Album photo,"October 24, 2023",Belle qualit√©,7,Arnaud Jeanne,1 review,FR,5
122,Au tooooop !,"December 20, 2023",,7,Kath,8 reviews,FR,5
123,Parfait au top !,"November 08, 2023",,7,Julie,1 review,FR,5
124,Simple,"August 07, 2023","Simple, facile et rapide",7,morel olivier,3 reviews,FR,5
125,Flexibilite optimale de l'outil,"November 16, 2023","Flexibilite optimale de l'outil, j adore",7,Odile,4 reviews,FR,5
126,Genial comme d‚Äôhabitude,"August 01, 2023",,7,Ouertani,2 reviews,FR,5
127,Excellent service,"December 21, 2023",,7,Erika ulloa,2 reviews,FR,5
128,Super album photo de qualit√©,"August 08, 2023",,7,Juliette,1 review,FR,5
129,Super,"December 14, 2023","Super, merci beaucoup",7,Audrey,6 reviews,FR,5
130,Service client au top,"August 01, 2023",,7,Melanie,1 review,FR,5
131,La qualit√© des photos impeccables !,"November 09, 2023",,7,Anne-claire,1 review,RE,5
132,Impression de qualit√©,"August 30, 2023",Impression de photo de qualit√©,7,client,2 reviews,FR,5
133,Top!,"December 20, 2023",Top!!!!!!!!,7,Maeva,1 review,FR,5
134,Commande de photo,"October 10, 2023",Belle qualit√©,7,Elise,1 review,FR,5
135,Parfait!!!,"December 12, 2023",,7,Lauria,1 review,FR,5
136,Parfait,"October 10, 2023",Parfait top,7,Bouchat,3 reviews,BE,5
137,Simple et performant,"October 04, 2023",Simple et performant Tarifs attractifs,7,bour michel,6 reviews,FR,5
138,Top!,"September 26, 2023","Top, rapide, conforme !",7,C√©cile,1 review,FR,5
139,Topissime,"September 13, 2023",Top ! Rapide,7,ERIC SCHWEITZER,4 reviews,FR,5
140,Impeccable,"December 14, 2023",Super commande,8,Willy,1 review,FR,5
141,simple et rapide top,"October 12, 2023",,8,Doroth√©e,2 reviews,FR,5
142,Livre photo excellente qualit√©,"October 18, 2023",,8,Madame VELARD,5 reviews,FR,5
143,Utilisation au top!,"August 08, 2023","Application tr√®s facile d‚Äôutilisation, services super rapide‚Ä¶ au top!",8,Kelly NGUYEN,4 reviews,FR,5
144,Box photo,"September 29, 2023",Commande de box photos. Livraison rapide,8,Magali,1 review,FR,5
145,Simple efficace rapide,"September 15, 2023",,8,Jean Marc  CARILLO,3 reviews,FR,5
146,Tres bonne qualite,"September 15, 2023",,8,Sandrine ,11 reviews,FR,5
147,Photos au top,"September 21, 2023",,8,Emilie,3 reviews,FR,5
148,Sa va normal,"October 20, 2023",,8,Tar,3 reviews,FR,4
149,parfait,"August 28, 2023","simple, rapide, efficace",8,Juliette,1 review,FR,5
150,Super,"September 05, 2023",TopVitesse Qualit√©,8,Ben,8 reviews,BE,5
151,parfait et simple,"August 29, 2023",,8,Catherine,1 review,FR,5
152,Photo de qualit√©,"August 30, 2023",,8,Dylan,1 review,FR,5
153,Tr√®s bel album photo,"September 19, 2023",,8,cliente,2 reviews,FR,5
154,Envoie rapide,"October 17, 2023","Envoie rapide, conforme √† la description.",8,isabelle ,4 reviews,FR,4
155,Tirage photo,"September 11, 2023",Tr√®s belle qualit√© de photo,8,Laetitia,1 review,FR,5
156,Qualit√© au top,"September 06, 2023",,8,LP,1 review,FR,5
157,"Commande rapide,tirage photo excellent","September 13, 2023",,8,V√©ronique Gadille,3 reviews,FR,5
158,photo de bonne qualite,"October 03, 2023",,8,stephanie,1 review,FR,4
159,De tr√®s jolie photos,"September 19, 2023",De tr√®s jolie photosMerci,8,Eliane  Jozereau ,2 reviews,FR,5
160,Parfait tr√®s belle photo,"August 08, 2023",,9,Nathalie,1 review,FR,5
161,QUALITE ET RAPIDITE EXPEDITION TOP,"November 16, 2023",,9,Estelle,1 review,FR,5
162,Nickel,"August 08, 2023",Bon service client,9,Flore,1 review,FR,5
163,Applications ludique et services de‚Ä¶,"August 20, 2023",Applications ludique et services de qualit√©,9,KevinP,1 review,FR,5
164,Photo de mauvaise qualit√©,"September 13, 2023",,9,Dylan,1 review,FR,2
165,Super qualit√© des magnets,"September 11, 2023",,9,Delphiine,1 review,FR,5
166,Fan absolu,"October 17, 2023",Super franchement heureusement que cette application existe,9,elodie,1 review,FR,5
167,Mauvais centrage des photos,"September 06, 2023",,9,Chantal Niederkorn,2 reviews,BE,2
168,Excellente experience,"September 25, 2023","Excellent service, du debut a la fin. Felicitations.",9,Nicolas Baltzer,3 reviews,US,5
169,Parfait :).,"December 01, 2023",,9,LUIS,1 review,FR,5
170,Photo d‚Äôexcellente qualit√© !,"August 10, 2023",,9,Honorine,1 review,FR,5
171,Super qualit√©,"September 05, 2023",Super qualit√© Super sav,9,Charlene,4 reviews,FR,5
172,Super rendu,"November 28, 2023",Photo tr√®s belle,9,Audrey,1 review,FR,5
173,Hop hop,"November 24, 2023",Hop hop hop hop,9,Eric,1 review,FR,5
174,sav au top merci.,"November 07, 2023",,9,Vanessa Julien,4 reviews,FR,5
175,R√©ception super rapide !,"November 28, 2023",,9,Pauline PHILIPPE,1 review,FR,5
176,Parfait !!!!!!!,"November 28, 2023",,9,B√©atrice Muni√®re,5 reviews,FR,5
177,Super,"November 03, 2023","Envoie rapide, photos super",9,Christine KARAGOZ,3 reviews,FR,5
178,super rapide efficace,"November 09, 2023",,9,nathalie ferdel,7 reviews,FR,5
179,üëåüèºüëåüèºüëåüèºüëåüèº top top,"November 16, 2023",,9,MELVYN,2 reviews,FR,5
180,Au top,"November 15, 2023",Site genial,10,Pauline,1 review,FR,5
181,Super qualit√© photos je recommande,"August 07, 2023",,10,carla,1 review,FR,5
182,Nickel,"October 26, 2023",Super commande !,10,Julie,1 review,FR,5
183,Extra,"October 10, 2023",Album magnifique photo impeccable,10,Jennifer,1 review,FR,5
184,Correct correct,"November 20, 2023",,10,Fran√ßois,1 review,FR,4
185,Photos impeccables,"November 13, 2023",,10,Pauline,1 review,FR,5
186,tip top merci cheerz,"August 29, 2023",,10,montblanc74,2 reviews,FR,5
187,Belle qualit√© d'impression !,"August 20, 2023",,10,Nancy,1 review,BE,5
188,Excellent !!,"November 14, 2023",,10,Dominica D√©sir√©e,3 reviews,FR,5
189,Belle photo,"November 07, 2023",...........,10,Aur√©lien,1 review,FR,5
190,Impeccable,"November 07, 2023",,10,Avezard ,16 reviews,FR,5
191,Rapide Et effectivement ...üëç,"August 13, 2023",,10,Andreia,3 reviews,FR,5
192,Good,"August 30, 2023",Good good good,10,Lee,1 review,FR,5
193,Parfait,"August 17, 2023",Parfait!!!,10,Lynda,1 review,FR,5
194,Photo,"September 20, 2023",Super exp√©rience,10,sandrine alemany,6 reviews,FR,5
195,Photos d√©coupes,"August 24, 2023",,10,Jessica RIGHINI,4 reviews,FR,3
196,Super !,"August 21, 2023",Top !!!!!!!!!,10,Cindy Mary,1 review,FR,5
197,Impeccable,"October 06, 2023",,10,EDITH,1 review,MQ,5
198,Impression correct,"September 15, 2023",,10,Oc√©ane,1 review,FR,3
199,Top üëç,"August 08, 2023",Albums geniaux,10,virginie,1 review,FR,5
200,Belle qualit√© de la photo.,"July 31, 2023",,11,Sandra,1 review,FR,5
201,Efficace temps court belles photos,"August 06, 2023",,11,Eliane,2 reviews,FR,5
202,Impression de super qualit√©,"August 03, 2023",,11,caroline,4 reviews,FR,4
203,Livre photo,"August 03, 2023",Conforme a la description. Tr√®s satisfait!,11,Camille ,2 reviews,FR,5
204,super,"August 02, 2023",bon souvenir,11,Tha√Øs,1 review,FR,4
205,Simple d‚Äôutilisation,"August 01, 2023",Simple d‚Äôutilisation photos tres bien.nickel,11,romain,3 reviews,FR,5
206,D√©lai respect√©,"August 01, 2023",D√©lai respect√©Photo impeccable,11,Micha√´l,1 review,FR,5
207,photos de qualit√©,"July 24, 2023",,11,CHRISTELLE,1 review,FR,5
208,Faire part,"July 23, 2023",Excellente carte super belle,11,Catherine,1 review,FR,5
209,Photo de qualit√©,"July 23, 2023",,11,Murielle,1 review,FR,5
210,Top !,"July 30, 2023",Top service et qualit√© excellente,11,Davy,2 reviews,DE,5
211,Belles photos,"July 18, 2023",,11,muriel grosfils,1 review,BE,5
212,Super fast!,"July 24, 2023",Super fast delivery!,11,izabella,1 review,BR,5
213,Excellent,"July 17, 2023","Excellent, parfait.",11,Assiana,1 review,FR,5
214,Top !,"July 23, 2023",Super qualit√© !,11,Fanny,1 review,FR,5
215,Belle photo de qualit√© merci !,"July 12, 2023",,11,cynthia Bourda,2 reviews,CA,5
216,Super service client !,"July 17, 2023",,11,Alice Bayoud,1 review,NL,5
217,Re√ßu les photos avant la date super‚Ä¶,"July 10, 2023",Re√ßu les photos avant la date super qualit√© photo,11,SOLENE URVOY,3 reviews,FR,5
218,Super photos,"July 17, 2023",,11,Bridget,1 review,FR,5
219,Qualit√© plus que surprenante,"July 16, 2023",,11,Ram,1 review,BE,5
220,Hyper holie!,"July 09, 2023",,12,Santiago,1 review,FR,5
221,Service client au top et super efficace‚Ä¶,"July 05, 2023",Service client au top et super efficace !,12,Marine,1 review,FR,5
222,Mes magnets‚Ä¶,"July 10, 2023",Super travail les photos de mes magnets sont superbes j'adore,12,Laura,2 reviews,FR,4
223,Non respect de mon consentement‚Ä¶,"July 10, 2023",Non respect de mon consentement marketing.,12,Yohan GIARELLI,3 reviews,FR,1
224,Nickel,"June 27, 2023",Belle photo !,12,Jen,2 reviews,FR,5
225,Belles photos,"June 29, 2023",Belles photos. Support de qualit√©.,12,Pierre Marie,1 review,FR,4
226,Good,"June 28, 2023",Good. Pas mal,12,Costanzo SAMUEL,4 reviews,FR,5
227,Satisfaction Aimants,"June 18, 2023","J'ai re√ßu mes aimants rapidement, je suis contente du rendue de mes photos.",12,Marie,1 review,FR,5
228,Qualit√© de l'album photo excellente,"June 22, 2023",Qualit√© de l'album photo excellente Aspect bien brillant,12,Charline,1 review,BE,5
229,Superbes photos merci,"June 21, 2023",,12,Julie,1 review,FR,5
230,10/10 parfait,"June 14, 2023",,12,DK,1 review,BE,5
231,Impression de photos standard qui ne‚Ä¶,"June 21, 2023",Impression de photos standard qui ne rentrent pas dans l‚Äôalbum photo‚Ä¶ pourtant j‚Äôai pris la plus petite taille,12,Estelle,2 reviews,FR,3
232,Super photos,"June 18, 2023",,12,Nicolas,1 review,FR,5
233,Super album !,"June 15, 2023",,12,Michel Emilia,4 reviews,FR,5
234,Simple et pratique,"June 08, 2023",,12,Patricia Pereira,3 reviews,FR,5
235,Belles photos,"June 12, 2023",,12,Ma√´lys,1 review,FR,5
236,Album photos au top,"June 04, 2023",,12,Laurence Wilberz,2 reviews,BE,5
237,Super merci,"June 04, 2023",Super merci Encore,12,Jos√©phine ,5 reviews,FR,5
238,Super !!,"June 04, 2023","Super ! Interface intuitive, livraison rapide;L'album photo est comme je l'imaginais, un grand merci !",12,Angie,2 reviews,FR,5
239,Excellente,"June 04, 2023",Super caliter pas d√©√ßu,12,BEZIS,2 reviews,FR,5
240,Rapide simple et faire efficace,"May 29, 2023",,13,Aur√©lia,3 reviews,FR,5
241,Au top,"April 06, 2023",Tr√®s belle surprise !,13,Bernard le canard,4 reviews,FR,5
242,Excellent quality of all products and a‚Ä¶,"April 01, 2023",Excellent quality of all products and a rapid delivery service!  I've been using Cheerz for many years and have complete confidence in them.,13,Marian Bohling,3 reviews,FR,5
243,Il quadretto calamitato come puzzle era‚Ä¶,"March 21, 2023",Il quadretto calamitato come puzzle era bellissimo...,13,Maurizio Pier Andrea BEONI,3 reviews,IT,5
244,Jamais deƒáu,"March 12, 2023",Jamais deƒáuSimpleEfficace,13,Daniel  Ramos,3 reviews,FR,4
245,5 stars,"February 27, 2023","good quality, good price, and great shipping process, no delays.",13,Raquel Domingues,4 reviews,US,5
246,I am so satisfated with your service‚Ä¶,"March 04, 2023",I am so satisfated with your service and the product,13,Maria,1 review,FR,5
247,Very fast shipping time,"February 24, 2023","Very fast shipping time, great value and quality!",13,S J,3 reviews,GB,5
248,Not sure if it's a scum or just a terrible service,"February 22, 2023",I'm not sure if it is a scum or just a very very very terrible service non-compliant with any possible market regulation. I made an order which was never ever delivered. I was told to wait. At some point I was told it had been too long since my order and they couldn't refund me or do anything. Indeed they took the payment.,13,EMILIA,6 reviews,IT,1
249,Great service,"February 13, 2023",My choice everytime I want to print some pictures. Quality is great!,13,√Ångela Mar√≠a Garc√≠a L√≥pez,15 reviews,DE,5
250,I am extremely satisfied with the‚Ä¶,"February 05, 2023",I am extremely satisfied with the products I bought from Cheerz. Delivery time is good and the quality is really good.,13,Rafael,2 reviews,LU,5
251,Cheerz products are awesome,"February 02, 2023",,13,Tom,1 review,HU,5
252,Poor quality prints,"January 29, 2023",Poor quality prints. Pixelated on some but not all. Asked for a refund but was only offered free prints. The prints in question were full quality (not taken off social media like they accused) and that‚Äôs why I can‚Äôt give more than 2 stars.,13,Amy,8 reviews,US,2
253,Terrible experience,"December 28, 2022","Terrible experience. 10 days delay and they authorize that the packages could be left outside, so It dissapeared and i never received It.",13,Belen WD,1 review,ES,1
254,1 week and issue still unresolved with my order,"December 25, 2022","I contacted customer service over a week ago because the website had a bug in which I couldn‚Äôt input my billing address that was different from the shipping address (I never had an issue with this in the past).We have gone back and forth with over 18 emails. I have sent screenshots, Loom video recordings, tried on multiple browsers and devices. This was for a gift that I spent at least 4 hours on and I have 3 other projects that I had been planning no ordering as well. Where are we now?1) The individual who has been answering my inquiries has asked me 4 times for the same video recording‚Ä¶ which I‚Äôm happy to do if there is ever a solution. 2) I was told to send a video recording of me inputting my credit card info and trying to validate with the wrong billing address. I told him I wouldn‚Äôt do it because he shouldn‚Äôt be asking for private information AND that my bank would shut off my card (like they did in the first place when I hadn‚Äôt caught the error).3) I was asked to try on the app. When I said I couldn‚Äôt see any of my drafts or project in the cart, I was told the app and the website don‚Äôt sync. He then ‚Äúinvited me to start a new project‚Äù.4) I was invited to do the project on the app even after I told him I don‚Äôt do projects on the app anymore after I lost several projects I had done on the app (so, a lot of time lost). When I reached out to CS that time, they basically just said they had problems with the app and to use the website.5) I have asked for this to be escalated to a supervisor multiple times, but have yet to speak to a supervisor.Honestly, I loved this company before. I‚Äôve done several photo books, prints for family, magnets, and had been planning to do photo book projects that would have easily cost me over ‚Ç¨1,000 euros when it‚Äôs all done. Now, I couldn‚Äôt do any of that even if I wanted. The quality of the photos are good, but their engineering team and customer service are so awful that I doubt I will return as a customer. I simply don‚Äôt have that much time to waste.",13,Lene Baxter,2 reviews,ES,1
255,Great experience,"December 24, 2022",Great experience! I ordered a bookmark and I am fully satisfied of the quality of it. Moreover the delivery was faster than expected. I recommend Cheers!,13,Roberta,2 reviews,IT,5
256,Amazing !,"December 20, 2022",Great delivery and very pretty printing !,13,Jeanne,1 review,FR,5
257,I was very happy with the finished product,"December 04, 2022",A bit pricier than other companies but I was very happy with the finished product. Nicely presented and packaged and delivered on time as specified.,13,Kate,2 reviews,FR,5
258,I recommend it,"November 30, 2022","That was a pleasant experience! The web app is easy to work with, the print quality is good, the delivery is fast, and overall I am very satisfied.",13,A.V,2 reviews,BE,5
259,Do not order from them !,"November 01, 2022","I am trying to cancel an order as I made a mistake on it. I placed my order last night at about 10pm and this morning you are saying you can‚Äôt cancel it because it‚Äôs customised ‚Ä¶. Nothing has been done Ont his order since last night, estimated delivery is 15th of November meaning this order has not been touched yet / printed or anything. Yet you still refuse to cancel it. What do I need to do ?????",13,marion chassua,3 reviews,GB,1
260,CHEERZ BOX poorly designed.,"October 27, 2022","Good concept.CHEERZ BOX poorly designed.Top lid splits in two, edges do not match.Unaesthetic and lets the dust through...Ugly fancy design. Try again: Efficiency first.Less is more.",14,aio neri,8 reviews,FR,3
261,Amazing Product,"October 10, 2022",The app is user friendly. The outcome is outstanding and the product ordered is fabulous. Not to mention the fast delivery and a superb customer support. I highly recommend Cheerz!,14,MAK,7 reviews,ES,5
262,Everything was perfect as always,"September 23, 2022",Everything was perfect as always. Many thanks!,14,Valeria C,1 review,ES,5
263,I didn't know the website but I saw‚Ä¶,"October 03, 2022","I didn't know the website but I saw it's an H&M partner and I decided to give it a go. IMPRESSIVE printing quality, I was happier with their results than with many other more popular photo websites'! Fast delivery too :)",14,Miss Ines Alves,5 reviews,PT,5
264,Test DUE,"September 19, 2022",Test DUE - ca marche,14,Laure de Montalembert,5 reviews,FR,5
265,The photos were amazing,"August 24, 2022","The photos were amazing, the result comparated with another brands are better they're so clearly",14,Paula,1 review,ES,5
266,Great service,"August 22, 2022","My experience was very good, I really liked the photos and the delivery was at√© the expected time",14,In√™s,1 review,PT,5
267,Fast delivery ans super nice pictures,"August 20, 2022",,14,Benoit Par√©e,4 reviews,BE,5
268,The retro box,"August 18, 2022",I have the retro box. The photos are personalised and of a very good quality. The perfect present for birthday or other events.,14,Adriana,1 review,ES,5
269,super prestation,"August 16, 2022","rr'""r'r""'ree",14,naecoooooo,1 review,FR,5
270,Amazing quality!,"August 15, 2022",Amazing quality and would make a great present for someone. Thank you Cheerz! I will definitely be ordering again.üôÇ,14,TB,2 reviews,GB,5
271,Perfect üëçüèΩ,"August 08, 2022",,14,Marine,1 review,FR,5
272,Top du top extra,"August 07, 2022",,14,Mme Christian Cezard,4 reviews,FR,5
273,Superrrr photo üëçüëçüëçüëç,"August 07, 2022",,14,Cool,2 reviews,FR,5
274,Great !,"August 06, 2022",Great !Thank you for the good quality and the rapid delivery,14,Pierre Zarader,3 reviews,FR,5
275,Amazing experience,"August 05, 2022","Amazing experience: great products, good quality, speedy delivery & software very easy to use‚Ä¶.and we found a good deal in the net so very good price too!",14,Caroline L,1 review,FR,5
276,Great service,"July 26, 2022",Quick and easy process. Fast and cheap delivery.,14,Customer,8 reviews,GB,5
277,"App crashed, no confirmation email, bad customer service","March 31, 2022","i ordered photos from cheerz.com.After the payment, the app crashes. I never received a confirmation email but they took my money.I reached out to the customer service and they told me they don‚Äôt see my order in the system, but they can‚Äôt sent me my money back, yet. Since they weren‚Äôt helpful at all, I ordered somewhere else. I told them I wanna cancel my order if it ever shows up in their system. 1 day later, customer service told me my order magically appeared in the system and I cannot cancel it. I still didn‚Äôt get a confirmation email. They obviously don‚Äôt care what the costumer wants and try to make their mistakes their customers problem. Amazing. Will never order there again.",14,Lena E,2 reviews,US,1
278,I just love the photobooth magnets for‚Ä¶,"January 24, 2022",I just love the photobooth magnets for our fridge. We have been ordering them once a year so it shows our year in pictures :),14,Joana,5 reviews,PT,5
279,Best personal Xmas products,"December 09, 2021","Cheerz has very nice products, I ordered a very nice advent calendar, very nice idea to be able to keep the poster afterwards. Lots of perfect personal gifts for Xmas!!",14,Daniel,2 reviews,DE,5
280,"Good service, good quality and prices","December 07, 2021","Cheerz offers a good and very affordable service, with good quality photo printing, nice ideas for gifts, reliable delivery (my last orders arrived in UK 12 days before the date stated). I live  very far from my family, but I have now a way to reach them with pictures and very personal gifts. They are also very friendly, I appreciate the possibility to choose the cut of pictures you are given when you select photos.",15,mz,4 reviews,LB,5
281,Super qualit√©,"December 03, 2021",Super qualit√©Merci,15,Rachel Laferte,1 review,FR,5
282,Super !,"September 24, 2021",Qualit√© de photos au top je recommande,15,Camille,1 review,FR,4
283,Je suis content super photo la pas‚Ä¶,"September 13, 2021",Je suis content super photo la pas prombleme vraiment content faire photo bon idee super exceme moi moi sourds vous inqui√©tez pas grand merci monde,15,Christelle Jccjuno,2 reviews,FR,5
284,Highly recommend!,"September 09, 2021",Great company- I order from the UK and find the shipping times totally acceptable for what is a totally customised product. The packaging is fun and the website is easy to use. And of course the prints are always fantastic!,15,Mollie,3 reviews,AR,5
285,Good quality but the delivery IS WAY‚Ä¶,"July 19, 2021",Good quality but the delivery IS WAY WAAAAY WAAAAAAY LONGUER than they tell before you make the order!,15,Soufiane  Tahiri ,5 reviews,FR,2
286,Cheerz is fun,"July 02, 2021","Cheerz is fun, true to the word. Quick and good quality prints speak volumes üòä",15,Deepika Kumar,1 review,BE,5
287,i liked the photos,"June 29, 2021",,15,Maria Mazzucchi,2 reviews,IT,5
288,DO NOT USE THIS COMPANY IN UK!!,"May 26, 2021",DO NOT USE THIS COMPANY IF YOU LIVE IN UK!! you will get charged vast customs charges to have the product delivered. More than the product is worth. Definitely worth using a UK based equivalent! They only tell you this in the small print...beware!,15,Kate Shipton,3 reviews,GB,1
289,Very little box,"May 04, 2021","Envoi rapide, packaging sympa, les photos sont cadr√©es comme voulu. Seul b√©mol : La qualit√© des photos est un peu limite je trouve.",15,Claire,3 reviews,IE,3
290,LEAKED GIRLFRIEND'S PHOTOS ONLINE.,"February 24, 2021",LEAKED GIRLFRIEND'S PHOTOS ONLINE.Threatened my girlfriend and blackmailed her with some of her photos.DO NOT USE,15,Joseph Griffiths-Bloor,1 review,GB,1
291,Service au top,"February 23, 2021",,15,Marc,2 reviews,FR,5
292,LIVRE PHOTO DE QUALITE CONTENTE DU‚Ä¶,"January 24, 2021",LIVRE PHOTO DE QUALITE CONTENTE DU RESULTAT RESTE UN PEU CHER QUAND IL Y BEAUCOUP DE PHOTOS JE RECOMMANDE,15,Nathalie Crouzet,7 reviews,FR,5
293,Excellent quality and order has arrived‚Ä¶,"January 16, 2021",Excellent quality and order has arrived in couple of days.. I love it..,15,Ines Mac√©,3 reviews,FR,5
294,Absolutely a nightmare,"January 06, 2021","Absolutely a nightmare, they made me pay the wrong price (higher) than what I should to pay.A customer service that just protect their interest being kind but don't helping you.I started optimistic and happy but it ended up as a long nightmare.The photos are also nothing special.Really disappointed.",15,Luke,5 reviews,IT,1
295,Album photo au top du top,"December 17, 2020",Album photo au top du top rien as dire !! Papier cadeau no√´l trop beau ! √ânorme merci √† CHEERZ je recommande √† 100%.,15,D√©borah,1 review,FR,5
296,Very good products,"December 15, 2020",I have purchased different products from their website/app. The quality is very good and the delivery is super fast. I would definitely use it again :),15,Martina Amadei,8 reviews,DK,5
297,Will order again,"December 08, 2020",Order some pics and a poster. The pics came really quickly despite COVID and it practically being Christmas. The poster took longer but they emailed me about it and even sent me a discount code. Everything was packaged securely and arrived as expected. They have  a great range and feel like its less tacky than most other online photo print options.,15,Emma Hastings,8 reviews,IE,5
298,Very bad service!,"December 08, 2020","I‚Äôm not satisfied at all with this company. First, it took 10 days for them to even prepare my order and then 3 days to ship it. I‚Äôm still waiting for my order and it has been one week since they ship it. Almost three weeks have passed and this was supposed to be a present for a birthday. Moreover, their communication through email is very poor, I ask them questions and they answer only ‚Äúwhat they like‚Äù to answer. Sometimes they do not answer my email and when they do, they do not give me an information what I asked for.Very very bad! I‚Äôm not ordering from them anymore.",15,Sara Perkoviƒá,5 reviews,ES,1
299,SMS newsletter,"December 08, 2020","Very good printings.I gave my phone number for delivery & tracking notifications, but they used it for their promotional SMS. Sending STOP to the phone number they give you doesn't seem to stop the promo SMS. Hopefully they don't sell customers' phone numbers.",15,Septo,3 reviews,IT,1
300,efficient service throw the app and the‚Ä¶,"December 07, 2020","efficient service throw the app and the assistancevery high-quality productsfast deliverythough the not so small costs, you can use my code NIVFEQ and you'll save 5 euros on your first purchase of minimum 10 euros",16,Sergio,5 reviews,IT,4
301,Fast to USA & Slovakia !,"December 06, 2020","Ordered two magnetic photo packs - one to USA and one to Slovakia - both arrived within 10 days ! Excellent quality, nice gift style packaging. Highly recommended.",16,Mr Evans,12 reviews,GB,5
302,Application hyper facile pour simple‚Ä¶,"October 31, 2020","Application hyper facile pour simple tirage  , d√©lais rapide , merci",16,Audrey Bahim,2 reviews,BE,5
303,Love using Cheerz as they have an‚Ä¶,"September 22, 2020",Love using Cheerz as they have an excellent website and the quality of the product when received is first class.  Highly recommend to all.,16,Annette Horne,26 reviews,GB,5
304,Very quick service,"September 15, 2020",Very quick service. items delivered in 5 days. No issues. Very nice pic. love it!,16,Ilaria Quacquarelli,1 review,PT,5
305,"Everything all right, thank you","August 24, 2020",Super service! Continuate cos√≠ :-),16,Nadia Italy,3 reviews,IT,5
306,Super Application,"July 30, 2020",Super Application! je recommande !,16,L√©a Marie-Sainte,1 review,MQ,5
307,Great Photos and Service,"July 21, 2020",Just starting using Cheerz App recently.  Really easy to use app. Absolutely love my retro prints. Amazing quality photos and fast delivery. Looking forward to order from Cheerz again.,16,Christelle,8 reviews,GB,5
308,Good company!,"July 12, 2020","I started to order from there from the last year when was monopoly game at Mcdonalds. I won retro photomagnets. I was satisfied with my gift, so after I used more times! I ordered photo prints, photo books, canvas, photo magnets. I always got premium quality. I got issue only one time, when pandemic started my order is arrived in 5weeks to the UK. The customer service was very kind and they send me my prints one more time. So i am recommending them!",16,Lilla,6 reviews,GB,5
309,Take your money without telling you,"July 01, 2020","I have used Cheerz for years, there magnets are lovley and good quality. Until they started forcing people to use the app to order! Last year i attempted an order on the app, it just wouldnt work, a number of times i tried checking out but it just kept asking me to add more pictures, i gave up in the end deleted the app and that was the end of it. A couple of days ago i attempted it again, the website sent me through to the app, but this time i could upload my pictures, added what i needed and checked out for ¬£17...fantastic! THEN i received an email confirmation for ¬£47!!! I checked my bank and there was a transaction for ¬£47!! I contacted them immediately!! The emails i have recieved so far have been appalling, each one not taking responsibility for whats happened and the go to copy and paste of terms and conditions is just sent to me advising why thwy cant refund. Today i received an email advising they can see i had the old version of the app and thats how old orders were added to my basket without me seeing them, and they would offer me an instore credit valid for 1 month!? Bear in mind this credit is for ¬£32 and there is NO WAY i will spend ¬£32 on magnets (thats all i buy) in 1 month, especially as were in the middle of a pandemic so we havent even been anywhere for any pictures to be worth making into magnets! So after explaining this they then offer me 3 months extension on this, i jave advised them i am still not happy and waiting on a reply but im not holding my breath. DO NOT USE THIS COMPANY UNLESS YOU ARE HAPPY THEM TAKING MOMEY WITHOUT ASKING YOU.**Update: After 2 long weeks of emails back and forth and i contacted the founder from the spanish branch on LinkedIn and another founder on Instagram (not sure if that had anything to do with it) but another colleague has been in touch and accepted my request to be refunded. I have had a confirmation email to advise my money will be back in my account shortly.",16,Becky,2 reviews,GB,1
310,This is going to be a positive review... maybe not,"July 01, 2020","I was hoping to write a positive review but this isn‚Äôt it. Fell foul of a discount scam which then cost me money but that‚Äôs not the problem or reason for the bad rating. My order was placed over a year ago but for some unknown never arrived. I did contact Cheerz support after approx a week but due to my email account being hacked I wasn‚Äôt able to provide an order reference and the customer service rep couldn‚Äôt find the order on my delivery address or name.Time rolls by and I‚Äôm able to access my email account again and whilst tidying up my historical emails I see an email from Cheerz asking for feedback so I completed it. Then their customer service team contact me, to offer some service recovery and they confirm now that they have the order ref, they can find and confirm my name and delivery address (which didn‚Äôt apparently exist previously).Cut a long story short, one of the customer service team tell me that they will reprint the order and post them out shortly to the original address. This sounds positive but stick with me, now as the original order is over a year ago, I‚Äôm now a little concerned that they would still have the images of my daughter so I queried this. This then prompted a very short email from another customer service rep, telling me that they had made a mistake and hadn‚Äôt realised that the order was over a year old and as the complaint was outside of their fifteen day cut off they couldn‚Äôt confirm my details and could do nothing for me. So in essence, when querying the missing order with fifteen days of the order I was advised they couldn‚Äôt find it.Then over a year later they actually confirm the details back to me.Then when asked how they can reprint the order, they say that it‚Äôs outside of the fifteen day complaint period, they state that they can‚Äôt confirm my details. All in all very weird, I‚Äôm not too sure they understand consumer rights and their systems to lose and find orders at will. Thankfully the order only cost me a few pounds due to the discount code but the customer service experience is at best obstructive and worst laughable with apparent breaches of GDPR data management.I won‚Äôt be using again and have asked that they remove my details from the system (assuming they can find them again) and not sell them to any third parties.",16,Mark,5 reviews,GB,1
311,Amazing!,"June 22, 2020","I felt like it was a bit expensive for someone with a small budget (me). Nevertheless, I spent many hours editing 100 photos, and also ordered Express Delivery (because otherwise it would take way too long and not be here in time for a special date - so it was great that they had that option). Being able to track the product's journey the whole way was great too. It arrived really fast and I was able to organize things as I wanted! After reading a few bad reviews, I was a bit scared, but... Everything came perfectly, and the photos with great quality. I was really really happy!",16,Bruna Vieira,1 review,PT,5
312,A Good present to feel special to someone .Great memories,"June 18, 2020",A Good present to feel special to someone. I recomended. :),16,Bel√©n Delgado,4 reviews,ES,5
313,I love Cheerz,"June 17, 2020","I love Cheerz: very cute products, top-service and quick delivery!",16,Coco,10 reviews,CH,5
314,Do not use,"June 11, 2020","Do not use. One big con... Was offered a discount if I ordered more magnets, their website crashed so the discount wasnt applied. Thought I would still go ahead with the order so I didnt lose all the photos I had selected thinking that customer service would correct the price. Emailed them straight after to be told I shouldn't have gone ahead with the order and they are not going to refund the difference! They replied - ' and you certainly noticed that the reduction was not taken into account'... then another to say ' I am unable to reject this fault on our company'... Absolutely disgusting customer service.... also cant cancel the order.. their website timed out so the discount didn't apply and I get treated like it's my fault..... shocking customer service absolutely shocking over ¬£7 due back to me! Maybe they are the one and only company that cant process a refund in this day and age!!! Do not use",16,tracey postma,2 reviews,GB,1
315,Highly recommended,"June 08, 2020","Just received another batch of photo magnets from Cheerz and, as usual, we‚Äôre thrilled with them. We‚Äôre building a travel board of places we‚Äôve visited and only buy from Cheerz. Photographic quality is great, items are shipped quickly. Fantastic service!",16,Choi Lin Leung,21 reviews,GB,5
316,Ho ordinato un box foto e l‚Äôinterno,"May 27, 2020","Ho ordinato un box foto e l‚Äôinterno , rivestito con del cartone per far risaltare le foto, era completamente distrutto!",16,Benedetta Del Regno,1 review,IT,2
317,always a pleasure cheerz,"May 22, 2020",always a pleasure cheerz. Such a nice way to immortalize memories and cool ideas for gifts. Not too expensive and really good quality. I'm a fan.,16,June Georgia Addams Burton,1 review,FR,5
318,We ordered a framed photo print and‚Ä¶,"May 19, 2020","We ordered a framed photo print and it's just arrived - super quick - looking amazing! The process was easy apart from the widget used to create the product didn't allow you to turn to landscape so we had to turn the computer screen instead. If that can be fixed, it will be seamless and the product is just fantastic. Such good value for a quality product.",16,Claire Stratton,8 reviews,GB,5
319,Fantastic service,"May 02, 2020","Fantastic service, I was able to send some souvenir pictures to my mum in the UK from France. They arrived well packaged and of great quality. Fantastic way to send a simple, thoughtful gift to loved ones.",16,Yasmine Hadi Belge,2 reviews,FR,5
320,Great,"April 30, 2020",Very easy to create a photo book and the quality of the product is excellent.,17,Florence Pirotais,2 reviews,NZ,5
321,5 stars!,"April 17, 2020",great company - amazing product and even better customer service - 5 stars!,17,Jess Stewart,2 reviews,GB,5
322,Brilliant customer service and good quality prints,"April 16, 2020","I ordered 121 retro prints, received confirmation emails and estimated delivery date. Unfortunately my package went missing in transit so I contacted Cheerz and they looked in to this for me which did come back as missing in transit. A very helpful lady named Sonia sorted this out for me by immediately sending another batch to print and issued a new tracking number. The prints took less than 2 days to get to me.The quality of the prints are really good and I would definitely recommend. On both occasions I contacted Cheerz I received flawless customer service by the staff members and they are a credit to the company.I definitely wouldn‚Äôt hesitate to use Cheerz again.",17,Lindsey,11 reviews,GB,5
323,Disgusting customer service,"April 10, 2020","Disgusting customer service, firstly they mess up the order, making no attempt to rectify the problem, secondly they try to shirt change me on my refund m but worse than that delivery driver called my girlfriend a    w h o r e",17,Phil Bozier,1 review,GB,1
324,a great service and unexpected gift‚Ä¶,"April 03, 2020",a great service and unexpected gift card inside the very nice postal package.congrats!,17,FILIPPO,2 reviews,US,5
325,"regular customer, but disappointed on this occasion!","March 22, 2020","I have used Cheerz for Numerous orders previously and never had any issues. This time I spent ¬£80 on an order of retro pictures and I was disappointed with the quality of most of the pictures. I purchased these as I want to make a scrapbooks. I feel that on this occasion the quality of the pictures was not reflective of the cost. Having spent such a substantial amount (in my opinion) it has put me off ordering from this provider again, this is a shame as I would‚Äôve happily continue to use them if I hadn‚Äôt experienced such poor quality.",17,Dhyal Thindal,1 review,GB,2
326,Great product with a great service..,"March 16, 2020",Great product with a great service... imagine they work on your order as soon as you place order.. and delivery time is extremely quick!! Thumbs up üëçüèº,17,Berjoe,6 reviews,CH,5
327,Can't fault them,"March 13, 2020","I like how the Cheerz products (productz?!) are a bit quirky compared to other photo printing services. Their creation tools are also top-notch, and both my orders have arrived quickly and packaged really nicely.",17,Number NinetySix,2 reviews,GB,5
328,Love your work,"February 21, 2020","I‚Äôve had albums, various prints and most recently a canvas print over several years and without exception have had prompt delivery, excellent quality products and reasonable charges. Great work Cheerz.",17,Mazza,5 reviews,GB,5
329,Third time using Cheerz,"February 17, 2020",My 2 years old niece just got her first photo album thanks to Cheerz for their great work and easy to use website :),17,Andressa,1 review,BE,5
330,Miles ahead of the rest,"February 15, 2020","Photobox, Vista Print, all those are severely lacking quality wise. Do you pay extra for Cheerz prints? Yes. Is it worth it? Every time. The print quality is ridiculously good. Can't wait to get more done ‚ù§Ô∏è",17,Hannah,8 reviews,GB,5
331,Highly recommended,"February 14, 2020",Highly recommended. Good job üëè‚ù§Ô∏è‚ù§Ô∏è,17,Nourelle Toama,1 review,GB,5
332,Highly recommended,"February 11, 2020","It was super easy to edit the pics online, the delivery was quicker than expected, the price was amazing, super cheap delivery... I'd recommend it 100%.",17,Carla Rodr√≠guez i Rossell,2 reviews,IE,5
333,Just stunning!,"February 09, 2020","Just stunning! I love the quality, the presentation and my pictures. I will repeat soon! Thank you",17,Mireia FL,1 review,GB,5
334,Love this app,"February 03, 2020","Love this app! If you want to have a discount of 5‚Ç¨ on your first order, feel free to use my code CARLXZS!!",17,Carlotta Pivato,1 review,IT,5
335,Great quality and  excellent‚Ä¶,"January 24, 2020",Great quality and they make excellent gifts. Competitive pricing and an easy to use app really make it easy to get just the right picture on just the right item.,17,Anthony English,6 reviews,GB,5
336,Good quality photos,"January 19, 2020",A while  ago I won some Polaroid fridge magnets they were really good quality so I ordered some Polaroid photos for a picture frame again really good quality.I would highly recommend Cheerz delivery was excellent too arrived earlier than expected.Very happy!,17,Vanessa,4 reviews,GB,5
337,Update - on an already negative review,"January 08, 2020","I already gave a very negative review, and now I just wanted to give an update to confirm the extremely negative opinion I have of Cheerz.I placed my original order on December 19. Still nothing has been delivered. I complained and wrote emails every day, every day they promised that they had just shipped my order and it would arrive in a few days (again, a lie, as testified by DHL that stated they had never received the boxes). Now the customer service has even stopped responding. I wish I could attach the conversations with the customer service, the level of self-contradiction is astonishing.Congrats Cheerz, you deserve the prize as worst company + worst customer service of the year, and it is just Jan 8!AVOID CHEERZ, IT IS THE WORSE PHOTO SERVICE EVER!! There are so many other photo websites, use one of those. They cannot be less reliable than this!",17,Alice Scalco,5 reviews,NZ,1
338,Nice magnets for the freezer,"January 06, 2020",Nice magnets for the freezer. Quick delivery and a good price.,17,Rojenmy ,1 review,DE,5
339,Bought these as a gift for friends,"December 30, 2019","Bought these as a gift for friends. They loved them and the personal touch. Great packaging, communications and fast delivery before Christmas. Will use them again :)",17,Lisa,9 reviews,GB,5
340,User friendly,"December 30, 2019","it is easy and user friendly to upload photos, whatever their source is",18,Bernard LANG,6 reviews,BE,5
341,Excellent service,"December 28, 2019",Excellent service. My initial email enquiry  was answered within an hour. The photos were great quality and at a very competitive price. I will definitely use Cheerz again.,18,Elizabeth Stanley,5 reviews,GB,5
342,Love this site,"December 27, 2019",Love this site. My fridge is full of memories from this site,18,caroline lunness,16 reviews,GB,5
343,qualit√© au top !!!!,"December 27, 2019",,18,Priscilia Dislaire,1 review,BE,5
344,Mauvaise commande re√ßue,"December 25, 2019","J‚Äôai command√© un album photo, mais quelle belle surprise de constater le 24 au soir en offrant l‚Äôalbum photo (encore emball√© dans son carton) √† mon conjoint que l‚Äôalbum photo en question √©tait de personnes compl√®tements inconnus. Notre d√©ception est immense ... J‚Äôai donc r√©dig√© un mail (avec photos) j‚Äôattends un retour rapide de Cheerz. Affaire √† suivre ...",18,Steph ,1 review,FR,1
345,Awful,"December 24, 2019","Awful! Received an album of another person instead of what I ordered! And I am still waiting to get a solution, in any case the album is a present that won't arrive in time... I will never use Cheers again!",18,Carlos Casado Vazquez,1 review,ES,1
346,My pics arrived After a few days and‚Ä¶,"December 23, 2019","My pics arrived After a few days and the quality is Perfect ,the Price tooüëçüèº May it Would be nice if you can Write a Little more under the pictures . But i‚Äòm happy with Cheerz and i would share it with My friends and use it Again and again üòç",18,Sabrina Cozzolino,1 review,DE,5
347,Perfect üôå,"December 23, 2019",Was super fast and good quality. I‚Äòm happy üòä,18,kai kilian,1 review,DE,5
348,I have had an amazing experience with‚Ä¶,"December 22, 2019",I have had an amazing experience with this company I love this app high-quality products and excellent customer service so very thankful that I have a gift to give that I am so proud of thank you cheerz,18,Jonelle Coronado,1 review,DE,5
349,Using for the 3rd time already,"December 19, 2019","Using for the 3rd time already - easy to use app, fast delivery but most importantly great quality of pictures. Have them on my fridge for over a year and they still look like new (I have retro ones).",18,Natalia,5 reviews,GB,5
350,The quality of some pictures is not the‚Ä¶,"December 19, 2019",The quality of some pictures is not the bestalthough the Original is good,18,Clau Di Ruff,1 review,DE,3
351,Supera las expectativas,"December 16, 2019",Un regalo s√∫per original y bonito.,18,Rocio Reyes Gonzalez,1 review,ES,5
352,Very nice quality photoprints.,"December 14, 2019",Very nice quality photoprints.Good delivery time.,18,Hilde,1 review,BE,5
353,I was very pleased with the result.,"December 13, 2019","I was very pleased with the result.However I placed a triple order (5+5+5) and did not send 3 boxes, as it should be.",18,Rita,1 review,PT,4
354,Great photos,"December 12, 2019","Great photos, great quality I love them thank you will order more soon.",18,Donna Carey,6 reviews,GB,5
355,The shopping cart didn‚Äôt work properly.,"December 12, 2019",The shopping cart didn‚Äôt work properly and the Customer Service people didn‚Äôt properly respond. Which is a shame as the product is good.,18,Mike Parker,1 review,GB,3
356,What a great company and will‚Ä¶,"December 10, 2019",What a great company and will definitely use again 10/10,18,Jay Martin,1 review,GB,5
357,Quality products excellent service very‚Ä¶,"December 10, 2019",Quality products excellent service very reliable,18,Stell- West Midlands ,11 reviews,GB,5
358,Disappointing customer service,"December 04, 2019","I'm sure the printing service is great... when it works! Unfortunately this company seems to have no customer service skills at all. I ordered a voucher to be printed and sent to my address as it was a gift, and I had to pay ¬£4 for this which I already thought ridiculous but accepted. The voucher never turned up, I was in contact with their customer service and they were absolutely useless, they claim they sent the voucher again but it never showed up, in the meantime weeks went by (thank god I plan my xmas shopping way ahead of time) and they just refused to provide any tracking information or send the item properly tracked. I have purchased a Cheerz voucher because I got asked this as a present but it will be the last time I shop with them. Such a simple thing to ship (it's a letter size item!) but clearly too much to handle for Cheerz.",18,Greta Falconi,1 review,GB,1
359,Excellent and speedy service,"December 04, 2019",Excellent and speedy service highly recommend to anyone who wants some big prints or small retro Polaroid‚Äôs!,18,JAMIE CASH,2 reviews,GB,5
360,App UI a little hard to navigate‚Ä¶,"December 02, 2019","App UI a little hard to navigate sometimes. But good app, great delivery times. Be careful though... A few prints that‚Äôs previewed fine in the app had heads chopped off in real life.",19,Celine McGowan,1 review,IE,3
361,Great quality and fancy polaroid‚Ä¶,"December 02, 2019",Great quality and fancy polaroid effect. Photos received before the estimated shipment date.,19,Sara Morigg,2 reviews,IT,5
362,Fabulous products,"December 01, 2019","Fabulous products, excellent customer service and fast delivery. Love these calendars and buy them every year for grandparents. I also but the fridge photo magnets and everyone who sees them make a comment on how fab they are. Would recommend",19,Nicola Draper-Downey,2 reviews,GB,5
363,Cheerz is an excellent app for printing‚Ä¶,"November 29, 2019","Cheerz is an excellent app for printing photo, book and a lot of gadget!Quality is very good, easy to use both on mobile and pc, delivery super on timeI warmly suggest it!",19,Nicki Cabassi,1 review,IT,5
364,I ordered an advent calendar on‚Ä¶,"November 29, 2019","I ordered an advent calendar on November 15 to give as a Christmas gift, it was estimated to be delivered on November 26 at the latest, today is November 29 and my order has not arrived yet, I want my money from  back since the gift was for December 1st!  I am totally dissatisfied, on November 27th I contacted them by email and nothing was resolved, they asked me to wait a few more days I waited too long, I want the refund since it makes no sense for me to give the gift after December 1st  .P.S.: Thanks for the attention of the company that contacted me by email and here too, the refund was made as promised, I was disappointed that the order was not delivered but due to the attention I received it may give me a second chance for them  .",19,Brunna Fernanda Eccard,1 review,IE,3
365,Improve App! üòñ,"November 29, 2019",Application is not much user friendly and easy to understand.Excellent papers and very good in shipping.,19,giorgia ,3 reviews,IT,3
366,Amazing service and quality.,"November 26, 2019","Such an excelente overall service. I‚Äôve printed several photos, posters and albums with them and is always a reliable and fast experience with a super high quality. Highly recommended!!!",19,Kar,4 reviews,DE,5
367,fantastic!!,"November 25, 2019",,19,Rachele Benji Koala Donzelli,1 review,IT,5
368,It's a wonderful way to print your‚Ä¶,"November 24, 2019",It's a wonderful way to print your pictures - and the service is great!,19,Grace Agnes,1 review,ES,5
369,All Perfect,"November 22, 2019","All Perfect: product, service, feedback. That is a serious company.",19,Romina Casetta,3 reviews,IT,5
370,Brilliant pictures,"November 18, 2019",To share moments through your pictures in paper...,19,Graciela,4 reviews,GB,5
371,Fabulous! No words needed!,"November 17, 2019",Fabulous!! Wow! The highest quality I've ever seen!! Rich of a million of details!! It was a present and it made such a beautiful effect! Really really thank you!,19,Hind Oudades,1 review,IT,5
372,It‚Äôs been years that I use this service‚Ä¶,"November 14, 2019",It‚Äôs been years that I use this service and I‚Äôll use it even more in the future. Great quality and very fast shipments. There are many option to choose and cost-quality it‚Äôs great.,19,teresa pepe,1 review,IT,5
373,Its perfect,"November 14, 2019",Its perfect!! Thank you,19,Federica ,2 reviews,GB,5
374,The fotos are precios and the delivery‚Ä¶,"November 09, 2019",The fotos are precios and the delivery very fast. I will surely repeat.,19,Anca Ciuperca,6 reviews,ES,5
375,Easy to use,"November 08, 2019","Easy to use, prints were good!",19,Charmie Kim,6 reviews,GB,5
376,lovely company,"November 07, 2019","lovely company, brilliant products and good quality. Very happy",19,Naomi,14 reviews,GB,5
377,I have received the photographs on‚Ä¶,"November 05, 2019","I have received the photographs on time,I‚Äôm really happy with the product!For sure I will repeat with them!",19,Blanca Escrigas Fern√°ndez,2 reviews,ES,5
378,Than you,"November 04, 2019","Than you, because I'm happy with the result.",19,Yasmina Grau Sibera,1 review,ES,5
379,I can only recommend it,"November 04, 2019",I really like the service and usablity of the webpage. Lead time is quick. I definitely recommend Cheerz.,19,Marco Pl√ºss,1 review,CH,5
380,Just perfect,"November 04, 2019","Fast delivery, excellent customer service, perfect purchase experience.",20,Verena ,8 reviews,IT,5
381,Super happy,"November 04, 2019","Super happy about their servicies. Amazing quality, quick delivery and a very affordable price for the quality they offer. Super recommended!",20,Georgiana Bulea,1 review,IT,5
382,Great experience!,"November 03, 2019",Great experience! The product arrived on the expected time and was beautiful. Great quality!,20,Laura,2 reviews,ES,5
383,Photos only with Cheerz,"November 03, 2019","Easy ordering, fast delivery, charming customer service - I'm thrilled with Cheerz",20,Stephan Ost,3 reviews,DE,5
384,The delivery was very fast,"November 01, 2019","The delivery was very fast, and the product was good quality and very cute",20,Chiara Villanueva Mart√≠nez,4 reviews,ES,5
385,Amazing,"October 28, 2019",It‚Äôs so beautiful,20,Mariangeles Novillo,3 reviews,ES,5
386,Great quality and design!,"October 27, 2019",,20,Maria del Mar Carmona,1 review,ES,5
387,Great service and quality prints.,"October 20, 2019","Great service and quality prints.Will always use as no hassle and happy with price,service and customer care.",20,D Robinson,2 reviews,GB,5
388,Great shop for Photos and more,"October 14, 2019",Handling with the App was total easy. Good quality and fast delivery.,20,Katja Wegener,1 review,DE,5
389,Great Experience,"October 14, 2019","They printed exactly what I wanted, and delivered extremely quickly, even internationally! Everything was well presented and my photos came in a cute envelope, perfect for gift-giving.Their tools for selecting and curating photos to print are also easy to use and intuitive.",20,Anna,3 reviews,GB,5
390,Excelent,"October 13, 2019",It was my the best shop of photos ever.,20,Andrea _fayos,1 review,ES,5
391,Recomended!! Really enjoy my photos üíñ,"October 13, 2019",Nice quality of photos.. fast delivery and nice packaging. Really liked the heart made of all my printed photos. Lovely ideea,20,Simona,3 reviews,ES,5
392,The small Polaroids are the best,"October 11, 2019","The small Polaroids are the best, I really like them. I tried also the bigger one but there isn't the same love. Also the normal pics are nice!",20,Roberta Mazzullo,1 review,IT,5
393,Awesome quality,"October 10, 2019","Awesome quality, very reasonable prices and shipping fats and precise.",20,Isa ,1 review,IT,5
394,Great product,"October 10, 2019",Incredibly and great product for its cost and the speed of the delivery,20,Pau Luna,6 reviews,ES,5
395,Nice and fast,"October 07, 2019",Nice and fast. Well-advised,20,Gianluca Baldin,4 reviews,IT,5
396,Can‚Äôt fault them at all,"October 05, 2019","Can‚Äôt fault them at all, easy to use, efficient website (have used others that crashed repeatedly), speedy delivery and great quality pics üòä",20,JB,1 review,GB,5
397,Really fantastic service,"October 05, 2019","Really fantastic service, gorgeous quality photos, great price. I just had a bug trying to edit photos after I uploaded a large number of photos. This meant that I didn‚Äôt notice a couple of them were being cropped in a way that was either off centre or central but everything didn‚Äôt fit in the picture, so I could have removed it from the selection. What this meant was that 3 photos came out unusable but I guess that was my fault.",20,jason chalangary,4 reviews,GB,4
398,Great experience!,"October 05, 2019",,20,Oihane Wanderer,1 review,ES,5
399,Fantastic!,"October 04, 2019",Fantastic! Perfect and fast,20,Chicca,3 reviews,IT,5
400,Very good quality prints with quick‚Ä¶,"October 03, 2019",Very good quality prints with quick delivery time.,21,E Hodges,16 reviews,GB,5
401,Very good service,"October 02, 2019","Very good service, if you have any problem with the delivery they help you, or send you the pics again.",21,Alejandra Yugueros Gonz√°lez,1 review,ES,5
402,It‚Äôs a good product,"September 30, 2019","It‚Äôs a good product. There is a great balance between quality and price. Also, you can choose differents sizes, papers and effects, so I strongly recommend this product",21,Encarnaci√≥n  Berm√∫dez Mill√°n,3 reviews,ES,5
403,I will not hesitate to count on you,"September 29, 2019","I designed a postcard for a family event. I prayed for it to arrive very quickly, and on the appointed day I received it at my address. For my next assignment, I will not hesitate to count on you. Very satisfied.",21,Maria,1 review,ES,5
404,Spectacular quality photos from some‚Ä¶,"September 29, 2019",Spectacular quality photos from some very old very poor (on my part) camera phone pictures delivery was quicker then expected and came well packaged app was very easy to use and very easy to edit the photos (and it tells you if they are likely to come out blurry) I went for the mini photos and they came out just as if I‚Äôd used a Polaroid really happy with the whole process,21,Chelsea,5 reviews,GB,5
405,Good quality at a fair price.,"September 29, 2019","Fast, convenient and the photos have a really good quality.",21,Roberto Daloiso,1 review,IT,5
406,Awesome quality and fast delivery,"September 29, 2019",,21,Paola Gotti,2 reviews,IT,5
407,Great service,"September 26, 2019",Great service. Very easy to use. I will definitely use it again,21,Cristina Perez-Sanchez,1 review,ES,5
408,Everything was perfect,"September 24, 2019","Everything was perfect. Very quick delivery, great quality of pictures in magnets. I would buy from Cheerz again for sure!",21,Lydia Maza Gonz√°lez,1 review,ES,5
409,This app is so cool,"September 23, 2019","This app is perfect, super practical and easy to use. The quality ofvthe photos it's very good and the arrival time is very short. I recommend it.",21,MC ,2 reviews,FR,5
410,Very nice gift,"September 22, 2019",Nice gift for Antonela and oneself,21,Patricia Garc√≠a,1 review,ES,5
411,Just amazing!!,"September 21, 2019","Good quality, loved the little cute package my pictures arrived with a personalized touch. I ordered my prints from the app and the process to chose them from my gallery and edit them was so easy! The delivery has been incredibly fast, my prints arrived way before the expected delivery date, I was so happy!! :)",21,Carlotta Torrione,1 review,GB,5
412,It was easy to create a photobook with‚Ä¶,"September 21, 2019","It was easy to create a photobook with the app! But I would like to insert photos from ipad and mobile phone for the same creation, and I cannot.",21,Rossana,3 reviews,IT,5
413,Excellent!,"September 16, 2019","I had the thrill of awaiting an actual photo delivery again, and the experience did not disappoint. My photos were delivered within the given timeframe, in a lovely envelope with a very catchy phrase... I'm already thinking of other photos to have printed!",21,Kirsten Manson,2 reviews,FR,5
414,Thank you,"September 15, 2019","Thank you. Fair price, nice quality, fast shipment",21,Roberto,2 reviews,IT,5
415,An ode to Cheerz,"September 13, 2019","Straight up service, there in days , Cheerz you up in so many ways.Memories, nostalgia , physical frames in time.It‚Äôs time to buy yours cos I‚Äôve already got mine.",21,Jamie Hacking,1 review,GB,5
416,Very satisfied!,"September 13, 2019",High quality magnets with fast delivery.,21,Joe,3 reviews,GB,5
417,Amazing retro fridge magnets,"September 12, 2019",Amazing retro fridge magnets! Good value for money and fast delivery. I would highly recommend!!!,21,Katie,2 reviews,GB,5
418,Quality and delivery perfect!,"September 12, 2019",,21,marina lambertini,1 review,IT,5
419,Really easy to upload photos,"September 08, 2019",Really easy to upload photos.  Very impressed with the prompt delivery and quality of the magnets.  Will definitely buy from here again!,21,Jj,2 reviews,GB,5
420,The quality of the photos is great and‚Ä¶,"September 04, 2019",The quality of the photos is great and they respected the time of shipping. I recommend Cheerz if you want to print some pictures :),22,Eli Dance,2 reviews,IT,5
421,The best thing i have ever tried and‚Ä¶,"September 02, 2019","The best thing i have ever tried and the photos are something of the past thats been brought back and is amazing to have actually photos again and it not be digital... if you would liek to give it a try use my code KURWY4 for 5euro discount, you wont regret trying this service as im always getting new photos done",22,Kurt,1 review,ES,5
422,excellent experience,"September 02, 2019",very good under every aspect,22,Claudia Monte,1 review,IT,5
423,Great quality photo products at a good‚Ä¶,"August 30, 2019",Great quality photo products at a good price.,22,Hels D,4 reviews,GB,5
424,AMAZING IDEA FOR A GIFT OR FOR HIM SELF‚Ä¶,"August 26, 2019",AMAZING IDEA FOR A GIFT OR FOR HIM SELF FOR DON'T FORGET IMPORTANT MEMORY OF OUR LIFE ONLY IN A PHONE!,22,Giulia Vazzana,2 reviews,IT,5
425,smart ideas and impeccable service!,"August 24, 2019",,22,Silvia Panicali,1 review,IT,5
426,The product is perfect,"August 24, 2019",,22,Sof√≠a ,1 review,ES,5
427,Excellent products and shipping very‚Ä¶,"August 17, 2019",Excellent products and shipping very fast!,22,Gerardo Scalici,6 reviews,IT,5
428,The pictures are excellent,"August 11, 2019",,22,Wasim,6 reviews,IT,5
429,Really good quality and quick delivery,"August 05, 2019",,22,Claire Milligan,3 reviews,GB,5
430,They offer an amazing work with a‚Ä¶,"August 05, 2019",They offer an amazing work with a beautiful details for customers.,22,Beatriz Romero,2 reviews,ES,5
431,Excellent Product,"July 25, 2019",I was so impressed with the quality of the magnets and the great packaging. They arrived very quickly also. I will definitely be ordering more and I have recommended them to all my friends :),22,Siobhan,8 reviews,IE,5
432,Really nice,"July 23, 2019","Really nice photo quality, love the colours, the packaging and also the fast shipping!I'll order again for sure ‚ô•Ô∏è",22,Noemi Tartaglione,1 review,IT,5
433,"Excellent product, quality and service.","July 22, 2019","I originally ordered from Cheerz as a monopoly/McDonalds game win only paying ¬£4.00 carriage.  I was so impressed with the product, service and quality I have ordered again.  The photos come in a really nice little box which would be perfect for a gift.  The order normally takes about 5 working days but well worth the wait.  I will definitely be ordering from them again.",22,Tania Fraser,1 review,GB,5
434,Fantastic company ..,"July 21, 2019",Fantastic company ... product was brilliant the service was excellent will be back for more products,22,John John Abbott,1 review,GB,5
435,Wonderfully,"July 21, 2019",,22,Abigail L√≥pez Torres,1 review,ES,5
436,Souvenirs to share in a nice way,"July 21, 2019","I have tried for the first time Cheerz and the result has been totally satisfactory. Lovely card size, colurs, print and the possibility to insert a phrase or a claim to customize the photo. Very good proce too!",22,Laura Maggi,2 reviews,IT,5
437,"Great quality, service and quick delivery would reccomend.","July 19, 2019",I have ordered from Cheersz many times and each time has been a great experience. The photo printing quality is amazing and I love that in the website it will warn you of any photo that wont print well so you can edit it. I love the personalisation and very impressed with the delivery often comes before the date original said. Very happy and will continue to order. Have recommended to family and friends.,22,Bethany ,2 reviews,GB,5
438,Great service of online photo printing,"July 17, 2019","Great service of online photo printing: good prices, a big catalogue, fast shipping",22,elena spadafora,5 reviews,IT,5
